{
 "format": "ycb-pose-v1",
 "space": "blender-metarig-local",
 "rig": "studio-ochi-metarig-43",
 "poses": {
  "195": {
   "label": "cut / turn with ball",
   "source": "yceditor players/195.svg + realistic photo reference",
   "bones": {
    "spine.001": [
     0.965449,
     -0.23464,
     0.034462,
     0.108
    ],
    "spine.002": [
     0.934244,
     0.339084,
     0.00158,
     -0.110492
    ],
    "spine.003": [
     0.99993,
     0.011436,
     0.00021,
     -0.003058
    ],
    "spine.004": [
     0.981266,
     -0.046727,
     0.186908,
     0.0
    ],
    "spine.005": [
     0.919057,
     0.319911,
     -0.228516,
     -0.027785
    ],
    "spine.006": [
     0.925732,
     -0.076138,
     0.370137,
     -0.014882
    ],
    "upper_arm.L": [
     0.97104,
     0.160285,
     -0.0,
     -0.177173
    ],
    "forearm.L": [
     0.997958,
     -0.063839,
     0.0,
     -0.002032
    ],
    "hand.L": [
     0.974414,
     -0.031607,
     -0.103315,
     0.197088
    ],
    "upper_arm.R": [
     0.929754,
     0.331788,
     0.0,
     0.159606
    ],
    "forearm.R": [
     0.919144,
     0.355132,
     -0.129346,
     0.11102
    ],
    "hand.R": [
     0.916449,
     -0.015853,
     -0.354319,
     -0.185278
    ],
    "Thumb.R.002": [
     0.996216,
     -0.019442,
     0.009232,
     0.084208
    ],
    "Thumb.R.003": [
     0.963777,
     -0.21011,
     -0.111899,
     -0.120273
    ],
    "Fingers.R.002": [
     0.873817,
     0.202797,
     0.078221,
     0.434969
    ],
    "Index.R.002": [
     0.811371,
     0.224508,
     -0.300002,
     0.448633
    ],
    "pelvis.R": [
     0.993159,
     -0.104385,
     -0.005471,
     0.052049
    ],
    "thigh.L": [
     0.940131,
     -0.175942,
     0.0,
     -0.291885
    ],
    "shin.L": [
     0.771995,
     0.338089,
     -0.0,
     0.538257
    ],
    "foot.L": [
     0.831765,
     -0.334265,
     -0.113905,
     -0.428322
    ],
    "toe.L": [
     0.994043,
     -0.088363,
     -0.045847,
     -0.044376
    ],
    "thigh.R": [
     0.760785,
     -0.51551,
     -0.392895,
     -0.033016
    ],
    "shin.R": [
     0.845061,
     0.193894,
     0.438931,
     -0.235831
    ],
    "foot.R": [
     0.930775,
     -0.116048,
     -0.005384,
     0.346644
    ],
    "toe.R": [
     0.99982,
     -0.018517,
     -0.003905,
     0.001007
    ]
   }
  }
 }
}