{"background":"images/fields/field0.jpg","backgroundSvg":"","backgroundColor":"","logoPosition":"center","backgroundFigureScale":1,"backgroundPosition":[0,0],"backgroundScale":1,"colorField":"#3B9CCC","colorFieldAreas":"#277EA0","colorFieldBorder":"#FF9F48","version":"2","elements":[{"type":"figure","x":160.07494343891403,"y":164.93212669683257,"rotate":0,"scale":1,"color":"#FFED00","opacity":1,"flip":0,"relativeScale":1,"keyFrames":{"0":{"x":160.07494343891403,"y":164.93212669683257,"scale":0.2811863636923019,"rotate":0,"prop_opacity":1}},"width":20.005656108597286,"height":19.449943438914026,"svg":"images/optimized/materials/15.svg","elementType":"materials"},{"type":"figure","x":225.7310520361991,"y":167.46606334841627,"rotate":0,"scale":2,"color":"#FFED00","opacity":1,"flip":0,"relativeScale":2,"keyFrames":{"0":{"x":225.7310520361991,"y":167.46606334841627,"scale":0.5623727273846038,"rotate":0,"prop_opacity":1}},"width":20.005656108597286,"height":19.449943438914026,"svg":"images/optimized/materials/15.svg","elementType":"materials"},{"type":"figure","x":343.8305995475115,"y":166.10859728506784,"rotate":0,"scale":5,"color":"#FFED00","opacity":1,"flip":0,"relativeScale":5,"keyFrames":{"0":{"x":343.8305995475115,"y":166.10859728506784,"scale":1.4059318184615095,"rotate":0,"prop_opacity":1}},"width":20.005656108597286,"height":19.449943438914026,"svg":"images/optimized/materials/15.svg","elementType":"materials"}],"animated":false,"animationDuration":10}