{"background":"images/fields/field0.jpg","backgroundSvg":"images/optimized/fields/11/2.svg","backgroundColor":"","logoPosition":"center","backgroundFigureScale":1.1,"backgroundPosition":[0,0],"backgroundScale":1,"colorField":"#3B9CCC","colorFieldAreas":"#277EA0","colorFieldBorder":"#FF9F48","version":"2","elements":[{"type":"figure","x":569.8412698412699,"y":398.7301587301588,"rotate":0,"scale":1,"uniform":{"type":"f","c1":"#FF0000","c2":"#000000","c3":"#000000","c4":"#FF0000"},"opacity":1,"flip":0,"relativeScale":1,"skin":"#D3AB9B","hair":"#000000","keyFrames":{"0":{"x":569.8412698412699,"y":398.7301587301588,"scale":0.28727209207470317,"rotate":0,"prop_opacity":1},"1":{"x":569.8412698412699,"y":398.7301587301588,"scale":0.28727209207470317,"rotate":0,"prop_opacity":1},"2":{"x":521.7313042055312,"y":299.07380134184274,"scale":0.28727209207470317,"rotate":0,"prop_opacity":1},"3":{"x":521.7313042055312,"y":299.07380134184274,"scale":0.28727209207470317,"rotate":0,"prop_opacity":1}},"width":30.39426523297491,"height":80,"svg":"images/optimized/players/167.svg","elementType":"players"},{"type":"figure","x":235.87301587301587,"y":369.5238095238095,"rotate":0,"scale":1.1,"uniform":{"type":"f","c1":"#FF0000","c2":"#000000","c3":"#000000","c4":"#FF0000"},"opacity":1,"flip":0,"relativeScale":1.1,"skin":"#D3AB9B","hair":"#000000","keyFrames":{"0":{"x":235.87301587301587,"y":369.5238095238095,"scale":0.3478236115837147,"rotate":0,"prop_opacity":1},"1":{"x":235.87301587301587,"y":369.5238095238095,"scale":0.3478236115837147,"rotate":0,"prop_opacity":1},"2":{"x":235.87301587301587,"y":369.5238095238095,"scale":0.3478236115837147,"rotate":0,"prop_opacity":1},"3":{"x":235.87301587301587,"y":369.5238095238095,"scale":0.3478236115837147,"rotate":0,"prop_opacity":1}},"width":66.45669291338584,"height":80,"svg":"images/optimized/players/133.svg","elementType":"players"},{"type":"figure","x":541.9047619047619,"y":423.49206349206355,"rotate":0,"scale":1.1,"color":"#FFED00","opacity":1,"flip":0,"relativeScale":1.1,"keyFrames":{"0":{"x":541.9047619047619,"y":423.49206349206355,"scale":0.3092175516589136,"rotate":0,"prop_opacity":1},"1":{"x":284.1728031418753,"y":396.68793978072335,"scale":0.3092175516589136,"rotate":0,"prop_opacity":1},"2":{"x":497.9185076092292,"y":325.2102765504829,"scale":0.3092175516589136,"rotate":0,"prop_opacity":1},"3":{"x":441.56111929307804,"y":206.99721813123887,"scale":0.3092175516589136,"rotate":0,"prop_opacity":1}},"width":20,"height":19.444444444444446,"svg":"images/optimized/materials/15.svg","elementType":"materials"},{"type":"line","x":0,"y":0,"rotate":0,"scale":1,"color":"#0060a9","opacity":1,"stroke":4,"lineStyle":"solid","arrowStyle":"arrow-right","keyFrames":{"0":{"x":0,"y":0,"scale":1,"rotate":0,"points":[[233.67697594501718,417.1821305841924],[514.0893470790389,415.8075601374569]]}},"points":[[233.67697594501718,417.1821305841924],[514.0893470790389,415.8075601374569]],"lineInterpolation":"basis","lineType":"normal"},{"type":"polygon","x":0,"y":0,"rotate":0,"scale":1,"color":"#000000","color2":"#FFFFFF","opacity":1,"bgOpacity":0.25,"stroke":2,"lineStyle":"solid","keyFrames":{"0":{"x":0,"y":0,"scale":1,"rotate":0,"points":[[306.7931523454589,299.0487720531665],[306.7931523454589,440.470128290476],[165.3717961081494,440.470128290476],[165.3717961081494,299.0487720531665]]}},"points":[[306.7931523454589,299.0487720531665],[306.7931523454589,440.470128290476],[165.3717961081494,440.470128290476],[165.3717961081494,299.0487720531665]]},{"type":"polygon","x":0,"y":0,"rotate":"#000000","scale":1,"color":"#000000","color2":"#FFFFFF","opacity":0.95,"bgOpacity":0,"stroke":2,"lineStyle":"solid","keyFrames":{"0":{"x":0,"y":0,"scale":1,"rotate":"#000000","points":[[409.57665750009807,1.1449919844373029],[797.8928087028472,598.2364513145302],[-0.5732210739810242,517.136794957143],[1.4886345961220684,-0.2295784622980932]]}},"points":[[409.57665750009807,1.1449919844373029],[797.8928087028472,598.2364513145302],[-0.5732210739810242,517.136794957143],[1.4886345961220684,-0.2295784622980932]]},{"type":"ellipse","x":403.78006872852234,"y":485.2233676975945,"rotate":0,"scale":1,"color":"#000000","color2":"#FFFFFF","opacity":1,"bgOpacity":0.25,"stroke":2,"lineStyle":"solid","keyFrames":{"0":{"x":403.78006872852234,"y":485.2233676975945,"scale":1,"rx":21.64948453608258,"ry":21.64948453608258,"rotate":0}},"rx":21.64948453608258,"ry":21.64948453608258},{"type":"figure","x":416.15120274914125,"y":417.8694158075602,"rotate":0,"scale":1.1,"uniform":{"type":"f","c1":"#0A71B4","c2":"#B3B3B3","c3":"#000000","c4":"#0A71B4"},"opacity":1,"flip":0,"relativeScale":1.1,"skin":"#EDC9B9","hair":"#B17F48","keyFrames":{"0":{"x":416.15120274914125,"y":417.8694158075602,"scale":0.2920216657864582,"rotate":0,"prop_opacity":1}},"width":44.35643564356435,"height":80,"svg":"images/optimized/players_female/28.svg","elementType":"players_female"},{"type":"figure","x":400.3436426116839,"y":181.44329896907223,"rotate":0,"scale":1.1,"uniform":{"type":"f","c1":"#FF0000","c2":"#000000","c3":"#000000","c4":"#FF0000"},"opacity":1,"flip":0,"relativeScale":1.1,"skin":"#D3AB9B","hair":"#000000","keyFrames":{"0":{"x":400.3436426116839,"y":181.44329896907223,"scale":0.36648278032288184,"rotate":0,"prop_opacity":1}},"width":72.36514522821577,"height":80,"svg":"images/optimized/goalkeepers/por46.svg","elementType":"goalkeepers"}],"animated":true,"animationDuration":10}